NbOfCities,Optimal distance,Duration (in ns),Temperature,Coefficient de refroidissement,NbIterationMaxPerCycle
7,2254.608476816899,26192194,7.806015431084691,0.5,400
7,2254.608476816899,10650218,15.612030862169382,0.5,400
7,2254.608476816899,11893134,3.9030077155423455,0.5,400
7,2254.608476816899,10709858,15.612030862169378,0.5,400
7,2254.6084768168994,8798191,15.612030862169382,0.5,400
7,2254.608476816899,24122462,1.9515038577711727,0.5,400
7,2254.608476816899,14083258,0.9757519288855864,0.5,400
7,2254.608476816899,26920787,0.9757519288855862,0.5,400
7,2254.608476816899,9837930,3.9030077155423446,0.5,400
7,2254.608476816899,9558736,1.9515038577711727,0.5,400
7,2254.608476816899,11971811,1.9515038577711723,0.5,500
7,2254.608476816899,13183736,0.9757519288855864,0.5,500
7,2254.608476816899,7362407,15.612030862169382,0.5,500
7,2254.608476816899,11141774,1.9515038577711727,0.5,500
7,2254.608476816899,8108443,7.806015431084691,0.5,500
7,2254.608476816899,9327023,3.9030077155423455,0.5,500
7,2254.608476816899,18526394,0.030492247777674574,0.5,500
7,2254.608476816899,7940877,7.806015431084691,0.5,500
7,2254.608476816899,7979723,7.806015431084691,0.5,500
7,2254.608476816899,11788710,0.9757519288855864,0.5,500
7,2254.608476816899,15045651,0.9757519288855862,0.5,600
7,2254.608476816899,9286831,7.806015431084691,0.5,600
7,2254.608476816899,20019510,0.060984495555349134,0.5,600
7,2254.608476816899,17293570,0.2439379822213966,0.5,600
7,2254.608476816899,9375100,7.806015431084689,0.5,600
7,2254.608476816899,7805529,15.612030862169382,0.5,600
7,2254.608476816899,12646322,1.9515038577711727,0.5,600
7,2254.608476816899,12463702,3.9030077155423455,0.5,600
7,2254.608476816899,23715094,0.015246123888837287,0.5,600
7,2254.608476816899,17623752,0.2439379822213966,0.5,600
7,2254.608476816899,5511471,38.8477286349533,0.6,400
7,2254.608476816899,7572757,13.985182308583186,0.6,400
7,2254.608476816899,8537054,8.39110938514991,0.6,400
7,2254.608476816899,8285222,8.39110938514991,0.6,400
7,2254.608476816899,13417966,0.6524926657892569,0.6,400
7,2254.608476816899,10374230,3.0207993786539675,0.6,400
7,2254.608476816899,7195592,13.985182308583186,0.6,400
7,2254.608476816899,9979467,8.39110938514991,0.6,400
7,2254.608476816899,6136034,23.308637180971978,0.6,400
7,2254.608476816899,6149285,23.308637180971978,0.6,400
7,2254.608476816899,11414494,5.034665631089946,0.6,500
7,2254.608476816899,12444163,3.0207993786539675,0.6,500
7,2254.608476816899,6253282,38.8477286349533,0.6,500
7,2254.608476816899,10076086,8.39110938514991,0.6,500
7,2254.608476816899,12556541,3.0207993786539675,0.6,500
7,2254.608476816899,11866426,5.034665631089946,0.6,500
7,2254.608476816899,12690702,3.0207993786539675,0.6,500
7,2254.6084768168994,7596405,23.308637180971978,0.6,500
7,2254.608476816899,15043713,1.0874877763154283,0.6,500
7,2254.608476816899,7600195,23.308637180971978,0.6,500
7,2254.608476816899,25704868,0.08456304948628768,0.6,600
7,2254.608476816899,13515197,5.034665631089946,0.6,600
7,2254.608476816899,15086318,3.0207993786539675,0.6,600
7,2254.608476816899,9244472,23.308637180971978,0.6,600
7,2254.608476816899,18171701,1.0874877763154283,0.6,600
7,2254.608476816899,16663548,1.8124796271923804,0.6,600
7,2254.608476816899,11226634,13.985182308583186,0.6,600
7,2254.608476816899,9134209,23.308637180971978,0.6,600
7,2254.608476816899,16896988,1.8124796271923804,0.6,600
7,2254.608476816899,12058193,8.39110938514991,0.6,600
7,2254.608476816899,10110886,14.112039376598329,0.7,400
7,2254.608476816899,7090940,41.14297194343537,0.7,400
7,2254.608476816899,13996500,3.388300654321258,0.7,400
7,2254.608476816899,8042025,28.800080360404756,0.7,400
7,2254.608476816899,11110996,9.87842756361883,0.7,400
7,2254.608476816899,14283232,3.388300654321258,0.7,400
7,2254.608476816899,8256728,28.800080360404756,0.7,400
7,2254.608476816899,9278723,20.16005625228333,0.7,400
7,2254.608476816899,6051310,58.77567420490767,0.7,400
7,2254.608476816899,10095135,14.112039376598329,0.7,400
7,2254.608476816899,13855935,9.87842756361883,0.7,500
7,2254.608476816899,16316759,4.840429506173226,0.7,500
7,2254.608476816899,12697864,14.112039376598329,0.7,500
7,2254.608476816899,12711726,14.112039376598329,0.7,500
7,2254.608476816899,11413223,20.16005625228333,0.7,500
7,2254.608476816899,15866657,6.914899294533181,0.7,500
7,2254.608476816899,10133063,28.800080360404756,0.7,500
7,2254.608476816899,12376473,14.112039376598329,0.7,500
7,2254.608476816899,12596085,14.112039376598329,0.7,500
7,2254.608476816899,8743530,41.14297194343537,0.7,500
7,2254.608476816899,10654689,41.14297194343537,0.7,600
7,2254.608476816899,18247396,6.914899294533181,0.7,600
7,2254.608476816899,24646907,1.6602673206174163,0.7,600
7,2254.608476816899,16630903,9.87842756361883,0.7,600
7,2254.608476816899,10532000,41.14297194343537,0.7,600
7,2254.608476816899,30021068,0.5694716909717737,0.7,600
7,2254.608476816899,19670629,4.840429506173226,0.7,600
7,2254.608476816899,25790590,1.1621871244321913,0.7,600
7,2254.608476816899,20407688,4.840429506173226,0.7,600
7,2254.608476816899,21199552,3.388300654321258,0.7,600
7,2254.608476816899,20301260,5.759822755705878,0.8,400
7,2254.608476816899,16057917,27.464975145844836,0.8,400
7,2254.608476816899,10503356,67.0531619771602,0.8,400
7,2254.608476816899,12298763,34.331218932306044,0.8,400
7,2254.608476816899,10128062,53.64252958172818,0.8,400
7,2254.608476816899,18247818,8.999723055790433,0.8,400
7,2254.608476816899,13141534,27.464975145844836,0.8,400
7,2254.608476816899,13191477,27.464975145844818,0.8,400
7,2254.608476816899,10164167,53.64252958172818,0.8,400
7,2254.608476816899,13119399,27.464975145844836,0.8,400
7,2254.608476816899,17650573,21.97198011667587,0.8,500
7,2254.608476816899,21625107,14.062067274672557,0.8,500
7,2254.608476816899,17461228,21.971980116675855,0.8,500
7,2254.608476816899,12618887,53.64252958172816,0.8,500
7,2254.608476816899,21211324,11.249653819738041,0.8,500
7,2254.608476816899,21256511,11.249653819738041,0.8,500
7,2254.608476816899,12586038,53.64252958172816,0.8,500
7,2254.608476816899,13844116,42.91402366538253,0.8,500
7,2254.608476816899,15063361,34.33121893230602,0.8,500
7,2254.608476816899,15115875,34.331218932306044,0.8,500
7,2254.608476816899,21070544,21.971980116675855,0.8,600
7,2254.608476816899,21586323,21.97198011667587,0.8,600
7,2254.608476816899,28857482,7.199778444632347,0.8,600
7,2254.608476816899,13697201,67.0531619771602,0.8,600
7,2254.608476816899,34932848,2.9490292509214115,0.8,600
7,2254.608476816899,19676160,27.464975145844836,0.8,600
7,2254.608476816899,19697977,27.464975145844836,0.8,600
7,2254.608476816899,16622639,42.91402366538255,0.8,600
7,2254.608476816899,16573879,42.91402366538255,0.8,600
7,2254.608476816899,18124444,34.331218932306044,0.8,600
7,2254.608476816899,28049742,32.27859515443537,0.9,400
7,2254.608476816899,20036888,60.73787147479279,0.9,400
7,2254.608476816899,23134085,44.277908305123965,0.9,400
7,2254.608476816899,22108791,49.19767589458218,0.9,400
7,2254.608476816899,20102310,60.73787147479279,0.9,400
7,2254.608476816899,28112664,26.14566207509264,0.9,400
7,2254.608476816899,24079077,39.85011747461157,0.9,400
7,2254.608476816899,27317356,29.050735638991835,0.9,400
7,2254.608476816899,18192776,74.98502651208989,0.9,400
7,2254.608476816899,21940704,49.19767589458216,0.9,400
7,2254.608476816899,33178522,32.27859515443536,0.9,500
7,2254.608476816899,31538111,39.85011747461157,0.9,500
7,2254.608476816899,30152344,39.85011747461157,0.9,500
7,2254.608476816899,30821201,39.85011747461155,0.9,500
7,2254.608476816899,20483479,92.57410680504924,0.9,500
7,2254.608476816899,30484274,39.85011747461155,0.9,500
7,2254.608476816899,35912109,26.145662075092652,0.9,500
7,2254.608476816899,30930015,39.85011747461157,0.9,500
7,2254.608476816899,32066471,35.8651057271504,0.9,500
7,2254.608476816899,43400369,15.438751998721463,0.9,500
7,2254.608476816899,41269670,29.050735638991835,0.9,600
7,2254.608476816899,41150870,29.050735638991835,0.9,600
7,2254.608476816899,44139097,26.145662075092652,0.9,600
7,2254.608476816899,40313684,32.27859515443537,0.9,600
7,2254.608476816899,45733861,21.177986280825042,0.9,600
7,2254.608476816899,37327641,35.8651057271504,0.9,600
7,2254.608476816899,40004226,32.27859515443537,0.9,600
7,2254.608476816899,45664567,23.531095867583378,0.9,600
7,2254.608476816899,31668388,54.66408432731351,0.9,600
7,2254.608476816899,44022434,23.531095867583378,0.9,600
10,3382.7645940843204,7042249,15.820566715732655,0.5,400
10,3333.1528447463684,8486546,7.910283357866326,0.5,400
10,3346.9525061221684,5634370,31.641133431465295,0.5,400
10,2978.0480541384095,7044175,15.820566715732655,0.5,400
10,3134.6290016914213,8758036,7.910283357866326,0.5,400
10,3197.3175485338115,7107748,15.820566715732651,0.5,400
10,3523.157134449468,7063321,15.820566715732651,0.5,400
10,2765.820618333288,9907538,3.955141678933163,0.5,400
10,3226.5181439990856,5632002,31.64113343146531,0.5,400
10,3152.5045182278895,5612864,31.641133431465295,0.5,400
10,3221.394552811242,10616179,7.910283357866326,0.5,500
10,3197.317548533812,7062786,31.641133431465303,0.5,500
10,3068.164235534859,8862874,15.820566715732651,0.5,500
10,3145.57132549839,9304871,15.820566715732651,0.5,500
10,3288.4379498526027,11080930,7.910283357866324,0.5,500
10,3314.626665027639,12354341,3.955141678933163,0.5,500
10,3424.72337417055,7004729,31.641133431465303,0.5,500
10,2817.8916445311784,14082924,1.9775708394665814,0.5,500
10,3328.316431401365,5296683,63.282266862930605,0.5,500
10,3213.0445475276438,12277192,3.955141678933163,0.5,500
10,2978.0480541384095,14765773,3.955141678933163,0.5,600
10,3134.7250703170466,10832569,15.820566715732651,0.5,600
10,2817.8916445311784,15003902,3.9551416789331637,0.5,600
10,3285.0079685572728,8689446,31.641133431465295,0.5,600
10,2867.4027358332833,10871743,15.820566715732655,0.5,600
10,3333.1528447463684,12845620,7.910283357866324,0.5,600
10,3421.62325060297,8643159,31.641133431465303,0.5,600
10,3326.198044020157,12822891,7.910283357866326,0.5,600
10,3246.4357755754013,8697086,31.641133431465303,0.5,600
10,3329.3243635763047,13688343,7.910283357866326,0.5,600
10,3463.9416903302144,8603104,23.619979542055116,0.6,400
10,3329.3243635763047,8653736,23.619979542055116,0.6,400
10,3088.5675897028236,10004189,14.17198772523307,0.6,400
10,3039.3352808475925,8523297,23.619979542055116,0.6,400
10,3291.312637508059,8671382,23.619979542055116,0.6,400
10,3408.5550289673492,8548628,23.619979542055127,0.6,400
10,3384.984579449279,11317951,8.503192635139841,0.6,400
10,2972.921113061097,9994310,14.171987725233075,0.6,400
10,3137.427607356262,5873607,65.61105428348642,0.6,400
10,3329.3243635763047,10016829,14.17198772523307,0.6,400
10,3383.2828027299356,10611724,23.619979542055116,0.6,500
10,3103.2119955859052,12339880,14.17198772523307,0.6,500
10,3357.7987613035107,6975797,65.61105428348644,0.6,500
10,3250.129848550892,8838084,39.36663257009186,0.6,500
10,3289.989534296582,7072607,65.61105428348644,0.6,500
10,3109.241028890623,10553230,23.619979542055116,0.6,500
10,3250.129848550892,10651191,23.619979542055116,0.6,500
10,3308.7000537187555,7098898,65.61105428348644,0.6,500
10,3346.9525061221684,11299756,23.61997954205511,0.6,500
10,2972.921113061097,12393851,14.17198772523307,0.6,500
10,3358.423313102401,18976010,5.1019155810839045,0.6,600
10,3365.5193729442904,16887252,8.503192635139841,0.6,600
10,3243.2115637662005,16943810,8.503192635139841,0.6,600
10,3365.5193729442904,14781161,14.17198772523307,0.6,600
10,3350.2787252770577,12784638,23.619979542055127,0.6,600
10,3340.75642871557,16860029,8.503192635139841,0.6,600
10,2945.827348574761,10593243,39.36663257009186,0.6,600
10,3294.9731616047093,14775339,14.17198772523307,0.6,600
10,3278.795749496253,14797257,14.17198772523307,0.6,600
10,2978.0480541384095,12792050,23.619979542055116,0.6,600
10,3276.1491089508017,9944871,41.69253431927877,0.7,400
10,3312.7244475487155,8589701,59.560763313255364,0.7,400
10,3330.647850455454,9883837,41.69253431927875,0.7,400
10,2982.331545052026,8507468,59.560763313255364,0.7,400
10,3238.7191450520436,8503428,59.560763313255364,0.7,400
10,3342.450532409144,8462325,59.560763313255364,0.7,400
10,3330.6478504554543,9524803,59.560763313255364,0.7,400
10,3114.9664313632366,7104302,85.08680473322195,0.7,400
10,3357.7987613035107,11373762,29.184774023495123,0.7,400
10,3313.9219912790277,11285848,29.184774023495123,0.7,400
10,3199.8374598068403,10640007,59.560763313255364,0.7,500
10,3256.841195602406,10632157,59.560763313255364,0.7,500
10,2838.294998699143,12278234,41.69253431927875,0.7,500
10,3212.7192625679063,17497020,14.300539271512609,0.7,500
10,3047.409466074756,10594315,59.560763313255364,0.7,500
10,3192.315908399942,15881241,20.429341816446584,0.7,500
10,3331.260378229425,10647155,59.560763313255364,0.7,500
10,3083.566431366223,12306371,41.69253431927875,0.7,500
10,3107.5261702998305,6994929,121.55257819031708,0.7,500
10,3082.8086414179415,14115351,29.184774023495123,0.7,500
10,3057.3245999915175,14946408,41.69253431927875,0.7,600
10,3145.5713254983893,13489322,59.560763313255364,0.7,600
10,3397.089492192265,17127095,29.184774023495123,0.7,600
10,2817.8916445311784,12660980,59.560763313255364,0.7,600
10,3340.75642871557,17114333,29.184774023495123,0.7,600
10,3140.2157894792117,12668710,59.560763313255364,0.7,600
10,3068.164235534859,18997900,20.429341816446584,0.7,600
10,3304.0451076122276,14820100,41.69253431927875,0.7,600
10,3057.3245999915175,17017855,29.184774023495137,0.7,600
10,2868.420258611231,10654957,85.08680473322192,0.7,600
10,3083.566431366223,15477573,43.487242654885065,0.8,400
10,3071.7490799705383,9901356,106.17002601290297,0.8,400
10,3086.527927949563,12616371,67.9488166482579,0.8,400
10,3171.355089899688,11286816,84.93602081032238,0.8,400
10,2996.8808519947033,8586507,132.7125325161287,0.8,400
10,3102.399229222517,11288480,84.93602081032238,0.8,400
10,3269.453395140906,8381139,132.7125325161287,0.8,400
10,2895.2987344947087,12746454,67.9488166482579,0.8,400
10,2708.816882537722,9767871,106.17002601290297,0.8,400
10,3340.4698528029976,13258795,67.9488166482579,0.8,400
10,3347.7769757054816,10727089,132.7125325161287,0.8,500
10,2838.294998699143,16021926,67.9488166482579,0.8,500
10,3289.989534296582,19450478,43.487242654885065,0.8,500
10,3244.4445475246566,15907821,67.9488166482579,0.8,500
10,3212.7192625679068,10605493,132.7125325161287,0.8,500
10,3199.8374598068403,12544107,106.17002601290295,0.8,500
10,3213.0445475276438,14148015,84.93602081032238,0.8,500
10,3191.012316974632,17929662,54.35905331860633,0.8,500
10,3274.724638497342,15933276,67.9488166482579,0.8,500
10,3247.1534429983844,12754761,106.17002601290297,0.8,500
10,3269.7229983634734,21142375,54.35905331860633,0.8,600
10,2996.8808519947033,21587446,54.35905331860633,0.8,600
10,2996.880851994704,21327841,54.35905331860633,0.8,600
10,3211.4156711425967,21214722,54.35905331860633,0.8,600
10,3140.917398347588,21161930,54.35905331860633,0.8,600
10,3149.317633334832,16991229,84.93602081032238,0.8,600
10,2978.0480541384095,14826984,106.17002601290297,0.8,600
10,3083.5664313662232,12764618,132.7125325161287,0.8,600
10,3183.2463313872954,16974719,84.93602081032236,0.8,600
10,3269.148195598524,21040253,54.359053318606314,0.8,600
10,3047.4094660747564,14134746,176.52129676606856,0.9,400
10,3109.241028890623,25964414,75.98663012447157,0.9,400
10,3134.7250703170466,26724408,68.38796711202441,0.9,400
10,3021.2204658904857,30997725,49.85482802466577,0.9,400
10,3021.2204658904857,14146712,176.52129676606856,0.9,400
10,2891.7423497290656,19612948,115.8156228082176,0.9,400
10,3082.8086414179415,22889161,93.81065447465626,0.9,400
10,3132.1011640599254,28031041,61.54917040082197,0.9,400
10,3088.5675897028236,23259188,93.81065447465626,0.9,400
10,2982.3315450520263,24969475,84.42958902719063,0.9,400
10,2708.8168825377224,39953276,61.54917040082197,0.9,500
10,2945.827348574761,26546749,104.23406052739587,0.9,500
10,2945.8273485747613,30012016,84.42958902719057,0.9,500
10,3174.5669914508067,35569097,61.549170400821986,0.9,500
10,2978.0480541384095,28354589,93.81065447465629,0.9,500
10,3152.9278433025693,32601648,75.98663012447157,0.9,500
10,2888.8236127791947,29921170,84.42958902719063,0.9,500
10,2838.2949986991425,15893150,196.1347741845206,0.9,500
10,3243.211563766201,33625696,68.38796711202441,0.9,500
10,3082.808641417942,29980687,84.42958902719063,0.9,500
10,3212.7192625679063,33793686,93.81065447465619,0.9,600
10,2988.4296227083446,31908746,104.23406052739584,0.9,600
10,3102.399229222517,30590719,115.8156228082176,0.9,600
10,2961.9281908840626,25457588,142.98225038051555,0.9,600
10,2708.8168825377224,30324800,115.8156228082176,0.9,600
10,2868.4202586112306,42332748,61.54917040082197,0.9,600
10,2895.298734494709,50541930,40.3824106999793,0.9,600
10,2688.413528369758,29705282,115.8156228082176,0.9,600
10,3047.409466074756,27515697,128.684025342464,0.9,600
10,3171.3550898996887,27482508,128.684025342464,0.9,600
13,3907.9860686763054,5476662,65.72738755106309,0.5,400
13,4080.4816824692098,9010641,16.431846887765776,0.5,400
13,3969.8894174253182,13379178,4.107961721941444,0.5,400
13,3937.1439483185827,5494923,65.7273875510631,0.5,400
13,4193.8897638181925,10987866,8.215923443882886,0.5,400
13,3716.4259084135006,5460584,65.72738755106309,0.5,400
13,3838.21544610099,7305209,32.863693775531544,0.5,400
13,4304.212083280927,5474404,65.7273875510631,0.5,400
13,4145.3911007689485,11114279,8.215923443882886,0.5,400
13,4245.792478579448,5464805,65.72738755106309,0.5,400
13,3841.4123003719824,13721173,8.215923443882886,0.5,500
13,3948.5422315799624,6839098,65.72738755106309,0.5,500
13,4156.583570002983,9127324,32.86369377553155,0.5,500
13,4090.8981076680498,13665469,8.215923443882886,0.5,500
13,3469.8261961146277,13709036,8.215923443882886,0.5,500
13,4317.953263465625,9112299,32.86369377553155,0.5,500
13,4165.669213581805,11378700,16.431846887765776,0.5,500
13,4609.037343529136,9112769,32.86369377553155,0.5,500
13,3824.4833966699694,9119363,32.863693775531544,0.5,500
13,3938.8703501173436,11236381,16.431846887765776,0.5,500
13,3967.3468719598895,8243222,65.7273875510631,0.5,600
13,3385.347318407603,11612111,32.86369377553155,0.5,600
13,4073.999111414216,13677424,16.431846887765772,0.5,600
13,4131.050606579002,10999021,32.86369377553155,0.5,600
13,4296.893139169289,13709844,16.431846887765772,0.5,600
13,3951.6638173713327,10931615,32.863693775531544,0.5,600
13,3895.141172909439,8211708,65.7273875510631,0.5,600
13,4286.061119775847,13652473,16.431846887765776,0.5,600
13,4021.7061525742442,16338149,8.215923443882886,0.5,600
13,3765.5963309657454,16416564,8.215923443882886,0.5,600
13,4036.227848488167,10930989,24.53261594865919,0.6,400
13,3632.7523947342984,7475491,68.14615541294222,0.6,400
13,3823.0897210587805,9163247,40.88769324776531,0.6,400
13,4147.1342812587,7332455,68.14615541294219,0.6,400
13,3740.1015896910612,5485752,113.57692568823704,0.6,400
13,4134.620244283416,16190008,5.299045044910384,0.6,400
13,4307.526280956119,9784489,40.88769324776531,0.6,400
13,3962.9795411223654,12837872,14.719569569195512,0.6,400
13,3970.3037672378496,12781909,14.719569569195512,0.6,400
13,3665.928784100905,7346999,68.14615541294222,0.6,400
13,3921.4938845857555,11485176,40.887693247765334,0.6,500
13,3741.6039521790676,9078519,68.14615541294222,0.6,500
13,3764.0020422062935,11440734,40.887693247765334,0.6,500
13,3851.529812327382,13705659,24.53261594865919,0.6,500
13,4046.5389609353365,6820046,113.57692568823704,0.6,500
13,3978.8301358448307,13632034,24.5326159486592,0.6,500
13,3760.647885221097,6846070,113.576925688237,0.6,500
13,3809.8602822043763,13746939,24.53261594865919,0.6,500
13,4228.3456277751375,9131391,68.14615541294219,0.6,500
13,4083.36468592167,15879586,14.719569569195519,0.6,500
13,4159.548219507087,13617232,40.88769324776531,0.6,600
13,3889.4801796301167,10793060,68.14615541294219,0.6,600
13,4274.96468876142,16357483,24.5326159486592,0.6,600
13,3941.9154212223266,22348238,8.83174174151731,0.6,600
13,4126.312506476721,10960657,68.14615541294222,0.6,600
13,3952.418113861463,13690980,40.887693247765334,0.6,600
13,4121.486199753035,8243805,113.57692568823704,0.6,600
13,3721.8327092359596,13697581,40.88769324776531,0.6,600
13,3944.9822547983053,16302625,24.53261594865919,0.6,600
13,4082.648835631041,16698309,24.53261594865919,0.6,600
13,3924.9880380041454,9112826,88.37441620565735,0.7,400
13,4081.3445443922756,11201086,61.862091343960145,0.7,400
13,4235.640012139527,12810845,43.3034639407721,0.7,400
13,4384.036123333761,14551075,30.312424758540466,0.7,400
13,4068.1524406163308,16377323,21.218697330978326,0.7,400
13,4140.297028979289,14579680,30.312424758540466,0.7,400
13,4285.86630814327,9130031,88.37441620565735,0.7,400
13,4237.41809070326,12628019,43.3034639407721,0.7,400
13,4180.780481988523,15141148,30.312424758540466,0.7,400
13,3876.355151291566,12705937,43.3034639407721,0.7,400
13,3966.9830502215073,18182610,30.312424758540466,0.7,500
13,3709.141940119707,13586094,61.862091343960145,0.7,500
13,4060.663199560543,18298250,30.312424758540466,0.7,500
13,3761.5280586303816,13572414,61.862091343960145,0.7,500
13,4154.060058062451,9177430,126.24916600808194,0.7,500
13,4108.535595819246,9103307,126.24916600808194,0.7,500
13,3822.1714505029113,25041674,10.39716169217938,0.7,500
13,3614.542727357701,11364191,88.37441620565735,0.7,500
13,3922.701254350961,18706016,30.312424758540466,0.7,500
13,4368.599676426795,15962824,43.3034639407721,0.7,500
13,3852.223303617012,14336743,88.37441620565735,0.7,600
13,3757.6806482592237,21746215,30.312424758540466,0.7,600
13,3921.896010574249,16446574,61.862091343960145,0.7,600
13,4059.865259663574,13783480,88.37441620565735,0.7,600
13,3984.915719218066,16373569,61.862091343960145,0.7,600
13,3719.4251369176386,19086255,43.3034639407721,0.7,600
13,3615.6653213289087,21830021,30.312424758540466,0.7,600
13,3980.7410958111914,16386321,61.862091343960145,0.7,600
13,3948.1934597807317,13829287,88.37441620565735,0.7,600
13,3875.8774060301166,21889265,30.312424758540466,0.7,600
13,4015.9805403943606,16356642,70.57424499583344,0.8,400
13,3557.7014262828707,18087082,56.45939599666671,0.8,400
13,4065.14024747517,16511977,70.57424499583344,0.8,400
13,4040.165668531008,11099127,137.84032225748714,0.8,400
13,4012.4800910285408,14422361,110.27225780598972,0.8,400
13,4185.46395780726,20097617,45.167516797333406,0.8,400
13,4032.827148074597,12634191,110.27225780598972,0.8,400
13,3831.2111173494345,7206888,215.37550352732362,0.8,400
13,3963.5054698759195,18087659,56.45939599666676,0.8,400
13,4245.518373426082,12941673,110.27225780598972,0.8,400
13,4147.834876703494,16021322,110.27225780598972,0.8,500
13,3847.634626510435,18107699,88.21780624479175,0.8,500
13,3643.0943728155503,16037983,110.27225780598972,0.8,500
13,3803.438473445738,13699836,137.8403222574871,0.8,500
13,3866.537006836238,15990469,110.27225780598972,0.8,500
13,3977.1084929318426,14002361,137.8403222574871,0.8,500
13,3908.696902284098,11476052,172.30040282185885,0.8,500
13,3582.109527727698,11522223,172.3004028218589,0.8,500
13,4101.30815513247,20393513,70.57424499583344,0.8,500
13,3934.937987412101,15993624,110.27225780598972,0.8,500
13,4062.7278005006483,16427494,137.84032225748714,0.8,600
13,3383.9740583966736,22717488,88.21780624479179,0.8,600
13,3846.395076127971,16387611,137.84032225748714,0.8,600
13,3784.423729459781,19504725,110.27225780598968,0.8,600
13,3974.3209891361666,21770691,88.21780624479175,0.8,600
13,3987.746560836815,19294945,110.27225780598972,0.8,600
13,3814.225800227875,24626444,70.5742449958334,0.8,600
13,3982.230023358093,21875733,88.21780624479179,0.8,600
13,3875.002904449261,19123028,110.27225780598972,0.8,600
13,3966.6855450923667,21928174,88.21780624479175,0.8,600
13,3792.9300014223454,26126291,120.29054428899666,0.9,400
13,4217.901679052346,18278652,183.34178370522278,0.9,400
13,3991.1675298522327,22194676,148.50684480123044,0.9,400
13,3514.9189051995477,16648037,203.71309300580307,0.9,400
13,4303.646596220852,19971645,165.00760533470051,0.9,400
13,4035.119616699788,23787026,133.65616032110742,0.9,400
13,3877.9052447090075,27184865,108.26148986009702,0.9,400
13,4073.8731462459727,29340762,97.43534087408729,0.9,400
13,3661.7573509983517,24485867,133.65616032110742,0.9,400
13,4029.2384215109973,27303583,108.26148986009702,0.9,400
13,3914.7742239954787,25237786,165.00760533470051,0.9,500
13,3958.61761058522,25139706,165.00760533470051,0.9,500
13,3707.9850748837116,44045820,78.92262610801073,0.9,500
13,3738.509169612401,32304890,120.29054428899666,0.9,500
13,3973.014937467539,29751848,133.65616032110742,0.9,500
13,3802.521929724247,36319660,97.43534087408732,0.9,500
13,4090.5325517833594,30521884,133.65616032110742,0.9,500
13,3955.3790804938703,22786848,183.3417837052227,0.9,500
13,3799.1879597239663,30407054,133.6561603211074,0.9,500
13,4051.0677341747746,36444818,97.43534087408729,0.9,500
13,4025.5009710964578,57425241,57.53459443273981,0.9,600
13,3888.015956937459,49177584,78.9226261080107,0.9,600
13,3833.145044962786,47327943,87.69180678667855,0.9,600
13,4120.393072750055,41036860,108.26148986009699,0.9,600
13,3435.374915227725,19241276,251.4976456861766,0.9,600
13,4003.252375187015,24616958,203.71309300580307,0.9,600
13,3153.964698915693,32902784,148.50684480123047,0.9,600
13,3763.7918402678893,32806655,148.50684480123044,0.9,600
13,3664.9906687569232,39154110,120.29054428899668,0.9,600
13,3948.6858389511676,48986554,78.9226261080107,0.9,600
16,4433.75760838256,6864683,64.65331844639891,0.5,400
16,4123.432304534011,4421853,129.30663689279783,0.5,400
16,5004.725982093466,13217799,8.081664805799864,0.5,400
16,4807.415558172409,11064794,16.16332961159973,0.5,400
16,5036.489769413847,15580671,4.040832402899932,0.5,400
16,5089.291055250977,11438941,16.163329611599725,0.5,400
16,4412.066451379424,8943186,32.32665922319946,0.5,400
16,4910.917918837834,8894583,32.32665922319946,0.5,400
16,4917.203288228373,11090690,16.16332961159973,0.5,400
16,5049.753855361929,8888216,32.32665922319946,0.5,400
16,5037.418311363457,14971036,16.16332961159973,0.5,500
16,5098.184342442652,17535685,16.163329611599725,0.5,500
16,5096.643686124897,8348776,64.65331844639891,0.5,500
16,4985.29931722276,8388759,64.65331844639891,0.5,500
16,5069.625008634878,11148126,32.32665922319946,0.5,500
16,4688.401959668559,8414498,64.65331844639891,0.5,500
16,4927.995579856178,11097459,32.32665922319946,0.5,500
16,5070.926224091142,11060406,32.32665922319946,0.5,500
16,4806.661944974461,13969182,16.16332961159973,0.5,500
16,5023.359231591624,11314719,32.32665922319945,0.5,500
16,4762.394134911635,13355731,32.32665922319946,0.5,600
16,4858.198212467884,19925024,8.081664805799864,0.5,600
16,4547.6638617344315,13308310,32.32665922319946,0.5,600
16,4876.006868218006,13363238,32.32665922319946,0.5,600
16,4603.378499166987,13433595,32.32665922319946,0.5,600
16,4599.042875127984,13432120,32.32665922319946,0.5,600
16,5093.4295245178255,16850896,16.16332961159973,0.5,600
16,4769.429608056764,14093298,32.32665922319946,0.5,600
16,5034.046636963387,13565371,32.32665922319946,0.5,600
16,5198.636033082337,13376803,32.32665922319946,0.5,600
16,4735.6707080804,11512305,40.21953633913582,0.6,400
16,4727.72464157487,11225790,40.21953633913582,0.6,400
16,4944.684775937974,13510709,24.131721803481494,0.6,400
16,5387.039825990022,11076745,40.21953633913582,0.6,400
16,4253.45368094258,13359748,24.131721803481494,0.6,400
16,4483.35193382466,15658125,14.479033082088895,0.6,400
16,4708.437085574908,15675737,14.479033082088895,0.6,400
16,4744.966089784621,13409387,24.131721803481494,0.6,400
16,4966.905356453151,20040266,5.212451909552001,0.6,400
16,4749.609097373317,13302329,24.131721803481494,0.6,400
16,4630.684013809166,14207157,40.21953633913582,0.6,500
16,4797.30633302156,16756742,24.131721803481494,0.6,500
16,4966.1226234014675,14020658,40.21953633913582,0.6,500
16,4563.079472812412,16669216,24.131721803481494,0.6,500
16,4811.530415756019,19501774,14.479033082088895,0.6,500
16,4425.8801421422195,27591667,3.1274711457312008,0.6,500
16,4674.865093913639,11098117,67.03256056522638,0.6,500
16,5101.771675676585,16699661,24.131721803481494,0.6,500
16,5058.026941034153,16623962,24.131721803481494,0.6,500
16,4828.69363473797,16630301,24.131721803481494,0.6,500
16,4986.152081117752,20185752,24.131721803481494,0.6,600
16,5274.175303479809,14308458,67.03256056522638,0.6,600
16,4997.918979860724,20200193,24.131721803481494,0.6,600
16,4142.794890855543,10060789,111.7209342753773,0.6,600
16,4768.24451751222,16701406,40.21953633913582,0.6,600
16,4830.689070444292,19926882,24.131721803481494,0.6,600
16,5024.394274202089,20069509,24.131721803481494,0.6,600
16,4729.030472455438,26722988,8.687419849253336,0.6,600
16,5091.186611291591,13263345,67.0325605652264,0.6,600
16,4974.058274754426,16667346,40.21953633913582,0.6,600
16,4450.424319166135,15598474,42.59583026664215,0.7,400
16,4837.216514627551,11081495,86.93026585029011,0.7,400
16,4527.656558869848,16440477,42.59583026664215,0.7,400
16,4694.2925204245485,8928111,124.18609407184302,0.7,400
16,4204.567298246461,4456652,253.44100830988373,0.7,400
16,4739.370266472732,13337835,60.851186095203076,0.7,400
16,4628.093546261368,11167649,86.93026585029011,0.7,400
16,5153.592630801543,11133782,86.93026585029007,0.7,400
16,4923.186957531952,13457467,60.851186095203076,0.7,400
16,4579.342586091522,15688881,42.59583026664215,0.7,400
16,4615.482766120525,25014306,20.871956830654653,0.7,500
16,5005.889645512531,16654716,60.851186095203076,0.7,500
16,4617.8962557531295,11125299,124.18609407184302,0.7,500
16,4783.390805709406,16697402,60.851186095203076,0.7,500
16,4642.408116808539,19539265,42.59583026664213,0.7,500
16,4819.15287688777,25012897,20.871956830654653,0.7,500
16,4953.811194390504,17181876,60.851186095203076,0.7,500
16,4912.629912910679,19494259,42.59583026664213,0.7,500
16,4830.4033669973305,19653954,42.59583026664215,0.7,500
16,4726.193900952679,16777218,60.851186095203076,0.7,500
16,4794.497075574101,16705413,86.93026585029011,0.7,600
16,4927.314227961939,26734198,29.817081186649506,0.7,600
16,4764.674639742873,29959431,20.871956830654653,0.7,600
16,4677.878795352318,26688729,29.817081186649506,0.7,600
16,4884.931825998262,16639913,86.93026585029011,0.7,600
16,4619.638879805761,24053028,42.59583026664215,0.7,600
16,4840.238505928495,20299327,60.851186095203076,0.7,600
16,4604.654971307796,23278702,42.59583026664215,0.7,600
16,4427.153131291652,19936471,60.851186095203076,0.7,600
16,4666.267030536979,29884277,20.871956830654653,0.7,600
16,4853.201073097569,11333721,169.484795108128,0.8,400
16,4833.8727405766285,26668216,35.54353770306009,0.8,400
16,4543.901020292528,20081983,69.42097207628923,0.8,400
16,4734.892426362517,15577861,108.47026886920192,0.8,400
16,4053.8065452701844,13440479,135.5878360865024,0.8,400
16,4843.467381297214,13391110,135.5878360865024,0.8,400
16,4639.819492494055,16286963,108.47026886920192,0.8,400
16,4731.670425488923,13323681,135.5878360865024,0.8,400
16,4646.667947177432,11135232,169.484795108128,0.8,400
16,4803.150619229251,15553482,108.47026886920192,0.8,400
16,4558.939240670228,16798547,135.5878360865024,0.8,500
16,4734.876344703979,25206993,69.42097207628923,0.8,500
16,4795.264108189267,22690192,86.77621509536154,0.8,500
16,4949.889515086385,22576754,86.77621509536154,0.8,500
16,4905.982701137908,28659629,69.42097207628923,0.8,500
16,4727.224987872761,34263895,69.42097207628923,0.8,500
16,4671.109592790577,21008026,135.5878360865024,0.8,500
16,5160.425934768552,27103545,108.47026886920192,0.8,500
16,4733.9018447330145,24825117,108.47026886920192,0.8,500
16,5025.227511060531,31252836,69.42097207628923,0.8,500
16,4660.137220955575,29027841,108.47026886920192,0.8,600
16,4583.5769585307935,20984834,169.484795108128,0.8,600
16,4556.723532088663,25842285,135.5878360865024,0.8,600
16,4462.495983507026,36383209,69.42097207628923,0.8,600
16,4652.337433528984,32587559,108.47026886920192,0.8,600
16,4674.789287159373,36891947,69.42097207628923,0.8,600
16,4869.145007453491,29082113,108.47026886920196,0.8,600
16,5019.751329856215,36239105,69.42097207628923,0.8,600
16,4772.087173242939,26473041,135.5878360865024,0.8,600
16,4949.980333990298,19148300,169.484795108128,0.8,600
16,4608.9466761657695,42119626,95.8431234859555,0.9,400
16,4936.023231059257,25352161,162.31117120688833,0.9,400
16,4853.680624991215,23016344,180.34574578543152,0.9,400
16,4482.371237771828,18214430,222.64906887090302,0.9,400
16,4694.597606654603,24942634,162.31117120688833,0.9,400
16,4329.959593189542,18144792,222.64906887090302,0.9,400
16,4489.728694371171,19607485,222.64906887090302,0.9,400
16,4928.224426193916,28205671,146.0800540861995,0.9,400
16,4698.826655407628,34143013,106.49235942883945,0.9,400
16,4893.235328750165,24775188,162.31117120688833,0.9,400
16,4770.691640252023,39185719,118.3248438098216,0.9,500
16,4472.223577657872,39292562,118.3248438098216,0.9,500
16,4775.151898914741,33629674,146.0800540861995,0.9,500
16,5076.070747664556,48903766,86.25881113735996,0.9,500
16,4844.700090816248,25360225,200.38416198381273,0.9,500
16,4837.328391878053,30856730,162.31117120688833,0.9,500
16,4796.771548756154,28060848,180.34574578543146,0.9,500
16,4626.233670072957,39311279,118.3248438098216,0.9,500
16,4819.424126372065,39542051,118.32484380982163,0.9,500
16,4479.4606110390005,25292581,200.38416198381273,0.9,500
16,4105.798334537932,44252334,131.47204867757955,0.9,600
16,4725.434817199876,43473573,131.47204867757955,0.9,600
16,4455.523951876525,40423123,146.0800540861995,0.9,600
16,4820.733609501057,26723608,222.64906887090302,0.9,600
16,4542.300477505243,50086217,106.49235942883945,0.9,600
16,4810.989806517489,34606042,180.34574578543146,0.9,600
16,4542.568276502729,56734689,86.25881113735996,0.9,600
16,4695.429423830097,47275363,118.3248438098216,0.9,600
16,4656.250578413247,30712985,200.38416198381273,0.9,600
16,4522.612208088084,17013922,305.4171040753128,0.9,600
19,5753.411202345379,13956235,15.725309523714856,0.5,400
19,6221.742227848181,10640924,31.45061904742971,0.5,400
19,5952.55172992211,13216576,15.725309523714856,0.5,400
19,5849.601999510949,19097991,3.931327380928715,0.5,400
19,6279.055275300077,21533853,1.965663690464357,0.5,400
19,5852.375828115217,13157298,15.725309523714856,0.5,400
19,5688.3214191246025,18761661,3.931327380928715,0.5,400
19,5898.718775682421,16008689,7.862654761857426,0.5,400
19,5917.180314085879,7915961,62.90123809485942,0.5,400
19,5802.762331249669,13556308,15.725309523714856,0.5,400
19,6145.246099158631,9923986,62.90123809485941,0.5,500
19,5710.152503023429,13696088,31.45061904742971,0.5,500
19,5656.025341008986,17786567,15.72530952371486,0.5,500
19,6160.675171122032,16521467,15.72530952371486,0.5,500
19,5930.294199134761,13156284,31.45061904742971,0.5,500
19,6026.502733360391,16421304,15.725309523714856,0.5,500
19,5225.828594624063,19716394,7.86265476185743,0.5,500
19,5963.823901441211,9893484,62.90123809485942,0.5,500
19,5845.085288065098,19709682,7.862654761857426,0.5,500
19,5988.475293384756,13134607,31.45061904742971,0.5,500
19,6096.788559602623,11830748,62.90123809485944,0.5,600
19,5812.303407090834,19702439,15.725309523714856,0.5,600
19,6035.851267156694,23603154,7.86265476185743,0.5,600
19,5850.118321144686,19599817,15.725309523714856,0.5,600
19,5844.999782725989,27461121,3.931327380928714,0.5,600
19,5967.431050412378,15723481,31.45061904742972,0.5,600
19,5515.873753158775,19685407,15.72530952371486,0.5,600
19,5285.404964722409,20161709,15.725309523714856,0.5,600
19,6238.418196504545,15833938,31.45061904742971,0.5,600
19,6020.569197605579,19963149,15.725309523714856,0.5,600
19,6338.911548200648,13158289,39.12960219405014,0.6,400
19,5539.099780342448,18460480,14.086656789858056,0.6,400
19,5955.682116042542,10452498,65.21600365675025,0.6,400
19,6053.002174784758,15742501,23.477761316430087,0.6,400
19,5928.831406906281,15790284,23.477761316430087,0.6,400
19,5665.880499013393,10523744,65.21600365675025,0.6,400
19,6125.286601120155,7988010,108.69333942791708,0.6,400
19,6373.678611637858,13657087,39.12960219405016,0.6,400
19,5400.845877041694,10513099,65.21600365675025,0.6,400
19,6008.535621832291,13286681,39.12960219405014,0.6,400
19,5929.690257840045,17080418,39.12960219405014,0.6,500
19,5762.600934811416,20150746,23.477761316430094,0.6,500
19,5807.655704625096,19724179,23.477761316430087,0.6,500
19,5990.945983282305,13125828,65.21600365675025,0.6,500
19,5827.402296193482,9880789,108.69333942791708,0.6,500
19,6182.241280021578,13150553,65.21600365675025,0.6,500
19,6050.974988377109,13151144,65.21600365675026,0.6,500
19,5888.037437753208,13450316,65.21600365675025,0.6,500
19,6308.606204661557,9973340,108.69333942791708,0.6,500
19,5803.596278179395,19758510,23.477761316430094,0.6,500
19,5698.1274227928,16025054,65.21600365675025,0.6,600
19,5943.473489236557,15904980,65.21600365675026,0.6,600
19,6170.86878870026,24384638,23.477761316430087,0.6,600
19,5751.214277640854,25785158,23.477761316430094,0.6,600
19,6358.55074047197,20142227,39.12960219405014,0.6,600
19,5376.548803660618,24059925,23.477761316430087,0.6,600
19,5918.927798826187,24160796,23.477761316430087,0.6,600
19,5745.065504661459,32085888,8.45199407391483,0.6,600
19,6030.975582913545,16053567,65.21600365675025,0.6,600
19,5619.860436753526,12340443,108.6933394279171,0.6,600
19,5903.8788642104855,8012376,172.60099733229424,0.7,400
19,5863.478652496372,13453388,84.57448869282415,0.7,400
19,5948.023452316713,18590781,41.44149945948383,0.7,400
19,5851.817290113509,13953004,84.57448869282416,0.7,400
19,5711.98160618092,10518392,120.82069813260594,0.7,400
19,5519.769819362005,23540789,20.30633473514707,0.7,400
19,5348.075545980189,18782423,41.44149945948383,0.7,400
19,5777.331107413167,16776173,59.2021420849769,0.7,400
19,5935.034315571615,18404607,41.44149945948383,0.7,400
19,6167.0251221096505,21071763,29.009049621638678,0.7,400
19,5295.943244600156,16374184,84.57448869282415,0.7,500
19,6064.484268641038,23046722,41.44149945948383,0.7,500
19,5396.6015407821415,9882030,172.6009973322942,0.7,500
19,5479.7924388820975,26265462,29.009049621638678,0.7,500
19,5441.0941504106095,19644275,59.2021420849769,0.7,500
19,5705.969430357286,14000401,120.82069813260594,0.7,500
19,5652.867866135804,22900229,41.44149945948384,0.7,500
19,5490.62290573787,13193269,120.82069813260594,0.7,500
19,6317.48447285772,16609448,84.57448869282416,0.7,500
19,5913.594456919708,20026303,59.202142084976906,0.7,500
19,5750.240108510764,20139991,84.57448869282415,0.7,600
19,6133.659462452996,23862426,59.2021420849769,0.7,600
19,5441.907340646838,28268874,41.44149945948383,0.7,600
19,5655.489783856051,12393894,172.60099733229424,0.7,600
19,6002.899832392547,20242045,84.57448869282416,0.7,600
19,5484.582350217061,20093541,84.57448869282415,0.7,600
19,5457.480792593239,25135865,59.2021420849769,0.7,600
19,5406.126512181482,24007026,59.2021420849769,0.7,600
19,5879.380915479068,28219030,41.44149945948383,0.7,600
19,5755.765626366177,23883955,59.2021420849769,0.7,600
19,5887.361857943605,23669639,67.5396901238327,0.8,400
19,5905.2669789425,21093997,84.42461265479085,0.8,400
19,5513.601691836025,21062849,84.42461265479085,0.8,400
19,5572.16773811115,15836693,131.91345727311068,0.8,400
19,5652.501177063944,13385036,164.89182159138835,0.8,400
19,5325.193748178066,8576026,257.64347123654426,0.8,400
19,5298.183293092242,16724675,131.9134572731107,0.8,400
19,5949.334091233512,13311028,164.89182159138835,0.8,400
19,5310.277352831745,15793915,131.91345727311068,0.8,400
19,5919.9134378687095,15782658,131.91345727311068,0.8,400
19,5918.32345437681,26273742,84.42461265479085,0.8,500
19,5368.463844353899,26329107,84.42461265479086,0.8,500
19,5841.010355636637,32951856,54.03175209906615,0.8,500
19,5797.8301794260315,29470562,67.53969012383268,0.8,500
19,5284.620396417492,19753759,131.91345727311068,0.8,500
19,5025.162944084256,22999930,105.53076581848855,0.8,500
19,5351.826292614688,26976419,84.42461265479086,0.8,500
19,5911.993792806244,23009654,105.53076581848855,0.8,500
19,5578.510325253497,26328709,84.42461265479085,0.8,500
19,5933.882344386619,22961302,105.53076581848855,0.8,500
19,5721.440705792093,27563298,105.53076581848855,0.8,600
19,5606.277805870676,36848100,67.53969012383268,0.8,600
19,5561.376945672586,29095176,105.53076581848853,0.8,600
19,5109.340331175432,45719526,105.53076581848855,0.8,600
19,5437.686733669044,25251106,164.89182159138835,0.8,600
19,6019.739927742569,35277510,105.53076581848858,0.8,600
19,5312.98837674356,25622353,131.9134572731107,0.8,600
19,5861.939071818864,20153727,164.89182159138835,0.8,600
19,6053.905061237687,23743832,131.9134572731107,0.8,600
19,5934.398803298228,25046462,131.91345727311068,0.8,600
19,5580.120219843723,47279199,75.52910713262115,0.9,400
19,5695.4060125991855,26415360,175.4584446341943,0.9,400
19,5424.975260558123,36979999,115.11828552449488,0.9,400
19,5834.194355605419,26338327,175.4584446341943,0.9,400
19,5529.460077738366,49794373,67.976196419359,0.9,400
19,5559.8013442549345,26340801,175.4584446341943,0.9,400
19,5581.91969895389,15956796,267.4263749949617,0.9,400
19,5654.794697631939,34278258,127.9092061383276,0.9,400
19,4981.444492909112,36883345,115.11828552449488,0.9,400
19,5408.146166634579,28797841,157.91260017077497,0.9,400
19,5863.874472221982,26475348,216.6153637459189,0.9,500
19,5831.064825112526,36284593,157.91260017077497,0.9,500
19,5651.661280605974,37224635,157.91260017077488,0.9,500
19,5890.534280549553,49440017,103.6064569720454,0.9,500
19,5534.756447533117,36283504,157.91260017077488,0.9,500
19,5780.595403596151,26355711,216.6153637459189,0.9,500
19,5982.647809821247,49421052,103.60645697204546,0.9,500
19,5567.825315670285,29699899,194.953827371327,0.9,500
19,5901.485444678795,33023349,175.4584446341943,0.9,500
19,5860.847605628292,43336084,127.90920613832765,0.9,500
19,5990.560030820631,47619156,142.12134015369733,0.9,600
19,5531.5329210812115,47315890,142.1213401536974,0.9,600
19,5733.002661098733,27766412,240.68373749546544,0.9,600
19,5275.540455244449,66981090,83.92123014735678,0.9,600
19,5763.102083361111,52466768,127.90920613832765,0.9,600
19,5911.20662608414,51889845,127.90920613832765,0.9,600
19,5765.341266034332,59346333,103.6064569720454,0.9,600
19,5405.36838695282,39380139,175.4584446341944,0.9,600
19,5513.640837934509,55157941,115.11828552449488,0.9,600
19,5565.812248312332,36318884,194.953827371327,0.9,600
